,num,date,Fuel_hour
0,1,2021-09-23,68.69813998645554
1,1,2021-09-29,66.23606948257012
2,1,2021-10-02,61.03206655596757
3,1,2022-05-04,66.92096907696624
4,1,2022-07-10,52.683725984398244
5,1,2023-03-08,59.4211816940137
6,1,2023-06-06,60.58397757161738
7,1,2024-02-24,51.38066980114092
8,1,2024-03-08,63.53247620990475
9,2,2021-04-13,52.481251015185265
10,2,2021-05-26,60.09059717000855
11,2,2021-07-06,96.34749023006098
12,2,2021-08-30,52.63318292076512
13,2,2023-03-19,49.29584392202759
14,2,2023-04-04,50.93619537321157
15,2,2023-04-12,56.00169888845461
16,2,2023-05-06,58.37155707603873
17,2,2023-07-10,57.02512285160534
18,2,2023-08-14,67.70792681326338
19,2,2023-09-04,51.13951707234883
20,2,2023-10-13,51.83359302069421
21,2,2023-11-23,63.50504035707942
22,2,2023-12-05,62.61685654728019
23,2,2024-01-31,54.24241034157318
24,2,2024-04-16,58.222672582959056
25,2,2024-04-18,59.3634175793216
26,2,2024-04-19,60.63242000731873
27,2,2024-05-01,55.432662686374016
28,2,2024-05-04,56.2412315272566
29,2,2024-05-09,58.71853605764101
30,2,2024-06-21,63.99412545254454
31,2,2024-10-01,54.107034816959995
32,2,2024-11-17,66.46165416570372
33,3,2022-01-11,62.17600597460271
34,3,2022-07-17,61.86295407629829
35,3,2022-11-12,53.319146705380454
36,3,2023-01-30,69.45027889658161
37,3,2023-02-06,54.873185012299125
38,3,2023-02-07,54.377092290041006
39,3,2023-02-09,56.1673838619349
40,3,2023-02-10,55.39054814029467
41,3,2023-02-12,53.621498388778434
42,3,2023-02-13,53.62277973368867
43,3,2023-02-14,53.4493989662723
44,3,2023-02-16,54.25056713962906
45,3,2023-02-18,55.10269330391264
46,3,2023-02-22,59.40433398317214
47,3,2023-04-10,60.31949084672093
48,3,2023-04-12,51.69078328400391
49,3,2023-07-20,67.23301941702401
50,3,2023-07-23,58.968145674223216
51,3,2023-08-04,63.70752241158736
52,3,2023-08-05,61.44951661667175
53,3,2023-08-13,59.32243038775244
54,3,2024-01-18,57.8881594873043
55,4,2022-07-21,67.25436987496515
56,4,2022-07-23,68.93090248725115
57,4,2022-07-31,61.35205099707156
58,4,2022-08-02,59.33944922976955
59,4,2022-08-04,59.168069577151854
60,4,2022-08-05,60.14147757668588
61,4,2022-12-07,75.7055257089248
62,4,2023-02-23,62.33257049028593
63,4,2023-03-11,74.51074310818339
64,4,2023-03-13,74.67831917883257
65,4,2023-06-27,53.12381694867755
66,4,2023-06-29,53.01267116525827
67,4,2023-06-30,54.18039388521177
68,4,2023-07-12,57.65915189687064
69,4,2023-07-18,53.345027748689574
70,4,2023-09-03,69.71869465722249
71,4,2023-09-04,70.20509086829134
72,4,2023-09-23,51.64594289202597
73,4,2023-10-19,54.036296404371974
74,4,2023-11-15,79.66425242432057
75,4,2023-11-16,79.91719013592596
76,4,2023-11-28,74.24189764265277
77,4,2023-12-20,64.87486870628251
78,4,2023-12-31,64.05352537269248
79,4,2024-01-03,62.27154339728515
80,4,2024-02-02,57.83286407886129
81,4,2024-02-03,59.93528726960388
82,5,2021-03-07,76.64607185078518
83,5,2021-03-10,73.7836045407059
84,5,2021-03-13,66.78407377682971
85,5,2021-05-19,76.71872189910539
86,5,2021-05-22,72.70977997195376
87,5,2021-05-27,71.21029432011291
88,5,2021-09-16,59.811909232388075
89,5,2021-10-07,65.6559930459796
90,5,2021-11-13,73.55140011696508
91,5,2021-11-14,69.65707260253902
92,5,2021-11-30,72.40308169068214
93,5,2021-12-08,71.28685635221677
94,5,2021-12-09,63.7005955713926
95,5,2022-01-24,71.68300245451955
96,5,2022-01-26,62.38265837031685
97,5,2022-01-30,61.5147895476741
98,5,2022-02-01,55.16964360175686
99,5,2022-04-14,69.04498047680919
100,5,2022-04-15,65.30532018871219
101,5,2022-04-24,50.476342519620346
102,5,2022-05-01,78.97404911236666
103,5,2022-05-02,78.43023106275541
104,5,2022-05-04,75.63370697427052
105,5,2022-05-06,79.43332416610875
106,5,2022-05-07,76.78110602242587
107,5,2022-05-08,74.32066562051371
108,5,2022-11-11,53.426554003816385
109,5,2022-11-15,53.177648122742625
110,5,2022-11-21,54.74156999261693
111,5,2022-11-25,54.67864180552623
112,5,2022-11-28,53.71308526703965
113,5,2023-01-08,71.75260554943297
114,5,2023-01-20,77.89551575657018
115,5,2023-01-23,72.8764652713664
116,5,2023-01-26,55.45165739556859
117,5,2023-02-08,53.29397900391241
118,5,2023-02-10,54.01759577501019
119,5,2023-02-12,56.38796994268535
120,5,2023-03-02,54.01158253162244
121,5,2023-04-13,82.41311236544861
122,5,2023-04-14,81.30744237679909
123,5,2023-04-29,73.97464306953195
124,5,2023-04-30,76.6230440564837
125,5,2023-05-01,68.43750296936807
126,5,2023-07-14,84.41319738628472
127,5,2023-07-23,82.5796547062037
128,5,2023-07-25,85.37059893070555
129,5,2023-07-27,67.82796439883901
130,5,2023-08-06,53.51792236263984
131,5,2023-08-08,52.75498306131571
132,5,2023-10-12,63.86782227205676
133,5,2023-10-13,65.09101219161813
134,5,2023-10-14,64.63143285924437
135,5,2023-10-17,65.2478460071147
136,5,2023-11-12,66.77564154544109
137,5,2023-11-18,63.628535853788264
138,5,2024-01-04,85.28361149053676
139,5,2024-01-11,79.03917568039846
140,5,2024-02-02,50.15224832697906
141,5,2024-03-01,59.12330679975967
142,5,2024-06-22,52.26354015172853
143,5,2024-08-05,74.94908613342062
144,5,2024-09-10,71.60592100444521
145,6,2022-06-06,79.37453894988413
146,6,2022-06-22,54.308829376810074
147,6,2022-06-26,53.74793893492844
148,6,2022-08-10,52.46225385830757
149,6,2023-06-06,85.72426946847114
150,6,2023-06-13,83.95065633621306
151,6,2024-01-19,45.530486583179915
152,6,2024-02-25,64.21969839643484
153,6,2024-02-26,63.37355364039135
154,6,2024-02-27,66.85615735816724
155,6,2024-04-10,65.18393374587765
156,6,2024-05-08,69.18838442603847
157,6,2024-05-09,67.91546845676191
158,6,2024-05-19,61.52405395953387
159,6,2024-05-28,65.65458498191265
160,6,2024-06-22,75.10800489239696
161,6,2024-06-23,70.08133481114132
162,6,2024-06-27,68.32045359331936
163,6,2024-08-09,68.16682412433886
164,6,2024-08-11,67.86698635716392
165,6,2024-08-25,65.61702298683943
166,6,2024-09-14,72.5417483070238
167,6,2024-09-27,71.61418206402658
168,6,2024-10-04,67.40057584958137
169,6,2024-10-06,66.4435979374261
170,7,2021-11-30,53.396542618786256
171,8,2021-11-06,82.82534013531102
172,8,2022-01-08,88.82464789686881
173,8,2023-07-30,50.53442519268175
174,8,2024-10-30,59.190184061355765
175,9,2023-03-15,64.45735230426227
176,9,2023-07-26,71.64546982709199
177,9,2024-02-11,62.1589371208589
178,9,2024-05-31,89.15375137576395
179,10,2021-04-01,54.883037052561846
180,10,2022-10-16,50.776040976832455
181,10,2023-05-02,63.64235357270987
182,10,2023-06-15,68.98172601293531
183,10,2024-01-16,77.01771530858449
184,10,2024-08-10,77.30490303195953
185,10,2024-08-30,78.08234093153277
186,10,2024-11-14,80.39654310814971
187,11,2022-01-16,54.17239374184614
188,11,2023-04-01,64.96390039360453
189,11,2023-05-23,78.8003359770605
190,11,2023-08-08,70.61570948168712
191,11,2023-09-15,54.38483392847529
192,11,2023-10-13,72.55521783203334
193,11,2024-01-25,71.62986227760261
194,12,2021-05-21,76.64124866057213
195,12,2022-08-06,59.838867324256704
196,12,2022-09-29,63.92720707679661
197,12,2023-03-06,60.42943239680176
198,12,2023-09-08,67.4249626470824
199,12,2023-09-10,61.90416379885495
200,12,2023-09-17,55.957656430074785
201,12,2024-05-06,62.714734014495804
202,12,2024-08-02,74.22561556259207
203,13,2023-05-19,75.94419375812737
204,13,2023-08-23,46.34696393365451
205,13,2023-11-05,67.76504610507374
206,13,2023-12-11,57.24091197445917
207,13,2024-02-10,59.94877205150519
208,13,2024-05-01,67.90473920533194
