num,merged_date,Fuel_hour,daily_fuel_mrv
1,2021-09-23,68.69813998645554,71.43
1,2021-09-29,66.23606948257012,64.52
1,2021-10-02,61.03206655596757,62.02
1,2022-05-04,66.92096907696624,68.61
1,2022-07-10,52.683725984398244,52.42
1,2023-03-08,59.4211816940137,61.59
1,2023-06-06,60.58397757161738,60.67
1,2024-02-24,51.38066980114092,48.96
1,2024-03-08,63.53247620990475,63.94
2,2021-04-13,52.481251015185265,52.21
2,2021-05-26,60.09059717000855,59.96
2,2021-07-06,96.34749023006098,99.73
2,2021-08-30,52.63318292076512,53.18
2,2023-03-19,49.29584392202759,44.93
2,2023-04-04,50.93619537321157,50.28
2,2023-04-12,56.00169888845461,55.92
2,2023-05-06,58.37155707603873,51.99
2,2023-07-10,57.02512285160534,57.11
2,2023-08-14,67.70792681326338,64.08
2,2023-09-04,51.13951707234883,51.49
2,2023-10-13,51.83359302069421,53.24
2,2023-11-23,63.50504035707942,60.72
2,2023-12-05,62.61685654728019,61.03
2,2024-01-31,54.24241034157318,54.21
2,2024-04-16,58.222672582959056,56.38
2,2024-04-18,59.3634175793216,60.65
2,2024-04-19,60.63242000731873,62.65
2,2024-05-01,55.432662686374016,57.55
2,2024-05-04,56.2412315272566,57.04
2,2024-05-09,58.71853605764101,59.61
2,2024-06-21,63.99412545254454,67.8
2,2024-10-01,54.107034816959995,51.48
2,2024-11-17,66.46165416570372,71.0
3,2022-01-11,62.17600597460271,61.82
3,2022-07-17,61.86295407629829,63.24
3,2022-11-12,53.319146705380454,52.68
3,2023-01-30,69.45027889658161,71.8
3,2023-02-06,54.873185012299125,56.92
3,2023-02-07,54.377092290041006,56.67
3,2023-02-09,56.1673838619349,59.39
3,2023-02-10,55.39054814029467,53.06
3,2023-02-12,53.621498388778434,52.46
3,2023-02-13,53.62277973368867,52.45
3,2023-02-14,53.4493989662723,52.08
3,2023-02-16,54.25056713962906,51.9
3,2023-02-18,55.10269330391264,53.39
3,2023-02-22,59.40433398317214,56.48
3,2023-04-10,60.31949084672093,58.23
3,2023-04-12,51.69078328400391,52.02
3,2023-07-20,67.23301941702401,65.44
3,2023-07-23,58.968145674223216,58.67
3,2023-08-04,63.70752241158736,66.09
3,2023-08-05,61.44951661667175,65.01
3,2023-08-13,59.32243038775244,61.66
3,2024-01-18,57.8881594873043,56.64
4,2022-07-21,67.25436987496515,68.69
4,2022-07-23,68.93090248725115,68.71
4,2022-07-31,61.35205099707156,62.42
4,2022-08-02,59.33944922976955,60.68
4,2022-08-04,59.168069577151854,61.0
4,2022-08-05,60.14147757668588,60.32
4,2022-12-07,75.7055257089248,78.36
4,2023-02-23,62.33257049028593,58.87
4,2023-03-11,74.51074310818339,76.07
4,2023-03-13,74.67831917883257,74.93
4,2023-06-27,53.12381694867755,53.79
4,2023-06-29,53.01267116525827,51.11
4,2023-06-30,54.18039388521177,56.8
4,2023-07-12,57.65915189687064,59.3
4,2023-07-18,53.345027748689574,54.53
4,2023-09-03,69.71869465722249,69.61
4,2023-09-04,70.20509086829134,72.26
4,2023-09-23,51.64594289202597,53.71
4,2023-10-19,54.036296404371974,54.17
4,2023-11-15,79.66425242432057,79.86
4,2023-11-16,79.91719013592596,83.54
4,2023-11-28,74.24189764265277,75.77
4,2023-12-20,64.87486870628251,67.05
4,2023-12-31,64.05352537269248,66.84
4,2024-01-03,62.27154339728515,65.58
4,2024-02-02,57.83286407886129,59.9
4,2024-02-03,59.93528726960388,61.2
5,2021-03-07,76.64607185078518,81.1
5,2021-03-10,73.7836045407059,71.21
5,2021-03-13,66.78407377682971,68.86
5,2021-05-19,76.71872189910539,79.85
5,2021-05-22,72.70977997195376,73.87
5,2021-05-27,71.21029432011291,73.36
5,2021-09-16,59.811909232388075,59.9
5,2021-10-07,65.6559930459796,65.35
5,2021-11-13,73.55140011696508,74.41
5,2021-11-13,73.55140011696508,70.75
5,2021-11-14,69.65707260253902,69.88
5,2021-11-30,72.40308169068214,75.0
5,2021-12-08,71.28685635221677,75.78
5,2021-12-09,63.7005955713926,66.7
5,2022-01-24,71.68300245451955,72.59
5,2022-01-26,62.38265837031685,61.53
5,2022-01-30,61.5147895476741,62.3
5,2022-02-01,55.16964360175686,55.39
5,2022-04-14,69.04498047680919,71.8
5,2022-04-15,65.30532018871219,65.92
5,2022-04-24,50.476342519620346,50.66
5,2022-05-01,78.97404911236666,83.99
5,2022-05-02,78.43023106275541,82.25
5,2022-05-04,75.63370697427052,79.71
5,2022-05-06,79.43332416610875,79.76
5,2022-05-07,76.78110602242587,79.17
5,2022-05-08,74.32066562051371,75.17
5,2022-11-11,53.426554003816385,54.53
5,2022-11-15,53.177648122742625,53.0
5,2022-11-21,54.74156999261693,54.3
5,2022-11-25,54.67864180552623,54.18
5,2022-11-28,53.71308526703965,54.38
5,2023-01-08,71.75260554943297,71.82
5,2023-01-20,77.89551575657018,77.95
5,2023-01-23,72.8764652713664,75.65
5,2023-01-26,55.45165739556859,55.13
5,2023-02-08,53.29397900391241,53.83
5,2023-02-10,54.01759577501019,56.47
5,2023-02-12,56.38796994268535,56.02
5,2023-03-02,54.01158253162244,52.85
5,2023-04-13,82.41311236544861,82.85
5,2023-04-14,81.30744237679909,78.96
5,2023-04-29,73.97464306953195,76.99
5,2023-04-30,76.6230440564837,74.23
5,2023-05-01,68.43750296936807,68.09
5,2023-07-14,84.41319738628472,88.3
5,2023-07-23,82.5796547062037,85.4
5,2023-07-25,85.37059893070555,87.98
5,2023-07-27,67.82796439883901,67.05
5,2023-08-06,53.51792236263984,53.83
5,2023-08-08,52.75498306131571,51.86
5,2023-10-12,63.86782227205676,63.62
5,2023-10-13,65.09101219161813,64.61
5,2023-10-14,64.63143285924437,65.02
5,2023-10-17,65.2478460071147,65.42
5,2023-11-12,66.77564154544109,69.29
5,2023-11-18,63.628535853788264,65.05
5,2024-01-04,85.28361149053676,84.17
5,2024-01-11,79.03917568039846,80.73
5,2024-02-02,50.15224832697906,50.87
5,2024-03-01,59.12330679975967,56.51
5,2024-06-22,52.26354015172853,55.24
5,2024-08-05,74.94908613342062,78.83
5,2024-09-10,71.60592100444521,74.05
6,2022-06-06,79.37453894988413,82.81
6,2022-06-22,54.308829376810074,53.77
6,2022-06-26,53.74793893492844,55.37
6,2022-08-10,52.46225385830757,50.47
6,2023-06-06,85.72426946847114,90.19
6,2023-06-13,83.95065633621306,81.98
6,2024-01-19,45.530486583179915,44.93
6,2024-02-25,64.21969839643484,64.3
6,2024-02-26,63.37355364039135,66.22
6,2024-02-27,66.85615735816724,70.71
6,2024-04-10,65.18393374587765,64.43
6,2024-05-08,69.18838442603847,71.89
6,2024-05-09,67.91546845676191,70.07
6,2024-05-19,61.52405395953387,63.44
6,2024-05-28,65.65458498191265,64.87
6,2024-06-22,75.10800489239696,77.36
6,2024-06-23,70.08133481114132,67.54
6,2024-06-27,68.32045359331936,69.84
6,2024-08-09,68.16682412433886,68.74
6,2024-08-11,67.86698635716392,69.51
6,2024-08-25,65.61702298683943,67.47
6,2024-09-14,72.5417483070238,70.48
6,2024-09-27,71.61418206402658,69.62
6,2024-10-04,67.40057584958137,73.22
6,2024-10-06,66.4435979374261,67.07
7,2021-11-30,53.396542618786256,53.43
8,2021-11-06,82.82534013531102,80.12
8,2022-01-08,88.82464789686881,89.09
8,2023-07-30,50.53442519268175,57.29
8,2024-10-30,59.190184061355765,56.9
9,2023-03-15,64.45735230426227,63.85
9,2023-07-26,71.64546982709199,72.76
9,2024-02-11,62.1589371208589,56.86
9,2024-05-31,89.15375137576395,93.3
10,2021-04-01,54.883037052561846,54.18
10,2022-10-16,50.776040976832455,55.18
10,2023-05-02,63.64235357270987,63.81
10,2023-06-15,68.98172601293531,69.25
10,2024-01-16,77.01771530858449,75.14
10,2024-08-10,77.30490303195953,79.29
10,2024-08-30,78.08234093153277,78.11
10,2024-11-14,80.39654310814971,83.73
11,2022-01-16,54.17239374184614,51.07
11,2023-04-01,64.96390039360453,63.24
11,2023-05-23,78.8003359770605,82.34
11,2023-08-08,70.61570948168712,72.74
11,2023-09-15,54.38483392847529,60.38
11,2023-10-13,72.55521783203334,72.37
11,2024-01-25,71.62986227760261,76.28
12,2021-05-21,76.64124866057213,76.21
12,2022-08-06,59.838867324256704,59.66
12,2022-09-29,63.92720707679661,65.6
12,2023-03-06,60.42943239680176,60.66
12,2023-09-08,67.4249626470824,67.36
12,2023-09-10,61.90416379885495,61.94
12,2023-09-17,55.957656430074785,56.92
12,2024-05-06,62.714734014495804,65.59
12,2024-08-02,74.22561556259207,75.57
13,2023-05-19,75.94419375812737,75.98
13,2023-08-23,46.34696393365451,45.01
13,2023-11-05,67.76504610507374,64.9
13,2023-12-11,57.24091197445917,57.06
13,2024-02-10,59.94877205150519,61.81
13,2024-05-01,67.90473920533194,65.83
